Unnamed: 0,Final Mean,Cluster,Mood
AF3,-0.0012538919611066,0,Sad
AF4,0.0038416271993621,2,Neutral
F3,0.0165913040805579,1,Happy
F4,0.0005578861749313,2,Neutral
F7,-0.0020427125870803,0,Sad
F8,-0.0046967617892136,0,Sad
FC5,0.0060804875791592,2,Neutral
FC6,0.0019056499436696,2,Neutral
O1,0.0138081785825838,1,Happy
O2,-0.0013001682190865,0,Sad
P7,-0.0024057666430055,0,Sad
P8,-0.002562036338043,0,Sad
T7,0.0073739675694668,2,Neutral
T8,0.0012939247189166,2,Neutral
Unnamed: 14,,2,Neutral
