Unnamed: 0,Final Mean,Cluster,Mood
AF3,-0.016414173221204,0,Neutral
AF4,-0.0052000856018378,0,Neutral
F3,-0.0009638618843825,1,Happy
F4,0.011908952771489,1,Happy
F7,-0.0021085434380555,1,Happy
F8,-0.0151860913329366,0,Neutral
FC5,-0.0628813101838746,2,Sad
FC6,0.0083746345031697,1,Happy
O1,0.0002971627678892,1,Happy
O2,-0.0034975300513051,1,Happy
P7,0.0008186646125659,1,Happy
P8,0.0024335837368306,1,Happy
T7,0.0035068247907299,1,Happy
T8,0.006925540632725,1,Happy
Unnamed: 14,,0,Neutral
