Unnamed: 0,Final Mean,Cluster,Mood
AF3,0.0054317709200171,0,Neutral
AF4,0.0144375550750809,0,Neutral
F3,-0.0026491831519593,2,Sad
F4,-0.0167803419186186,2,Sad
F7,0.0987698068637195,1,Happy
F8,0.0201648651778403,0,Neutral
FC5,0.009862951030665,0,Neutral
FC6,0.0031112344373561,2,Sad
O1,-0.0068124379921964,2,Sad
O2,-0.0036316139501725,2,Sad
P7,-0.0078666846694518,2,Sad
P8,-0.0025652455236235,2,Sad
T7,0.0005182334439833,2,Sad
T8,0.0017311268510261,2,Sad
Unnamed: 14,,0,Neutral
