Column,Mean
Visit,1.8820375335120643
MR Delay,595.1045576407507
Age,77.01340482573727
EDUC,14.597855227882038
SES,2.4604519774011298
MMSE,27.342318059299192
CDR,0.29088471849865954
eTIV,1488.1286863270777
nWBV,0.7295683646112601
ASF,1.1954611260053618
