Column,Mean
id,36517.82935420744
age,43.226614481409
hypertension,0.0974559686888454
heart_disease,0.05401174168297456
avg_glucose_level,106.1476771037182
bmi,28.893236911794666
stroke,0.0487279843444227
