Unnamed: 0,Final Mean,Cluster,Mood
AF3,-0.0138516778459229,0,Sad
AF4,-0.0087538519180042,0,Sad
F3,0.0115490899460746,2,Happy
F4,0.0095193348001541,2,Happy
F7,-0.0150324007052309,0,Sad
F8,-0.0101849706622137,0,Sad
FC5,0.0077103590557029,2,Happy
FC6,0.0013869164914095,1,Neutral
O1,0.0009198547640247,1,Neutral
O2,-0.0021872732810701,1,Neutral
P7,0.0011539468400681,1,Neutral
P8,0.0098724066033474,2,Happy
T7,-0.0051357285559513,0,Sad
T8,0.0019061431274703,1,Neutral
Unnamed: 14,,1,Neutral
