Unnamed: 0,Final Mean,Cluster,Mood
AF3,-0.0341395473238653,0,Neutral
AF4,-0.0091787993999137,1,Happy
F3,-0.0022421391821343,1,Happy
F4,0.0247904277514312,1,Happy
F7,-0.0036343250784925,1,Happy
F8,-0.0318836008594974,0,Neutral
FC5,-0.138022575395012,2,Sad
FC6,0.0186357344146909,1,Happy
O1,0.0004252314463819,1,Happy
O2,-0.0075291500992104,1,Happy
P7,0.0016409046794089,1,Happy
P8,0.004599643412926,1,Happy
T7,0.0073429205175546,1,Happy
T8,0.0141303470152475,1,Happy
Unnamed: 14,,1,Happy
