Unnamed: 0,Final Mean,Cluster,Mood
AF3,0.0469241595819172,1,Happy
AF4,-0.0036673540783488,2,Neutral
F3,0.0013276248976981,2,Neutral
F4,-0.0824875580545461,0,Sad
F7,0.0562284593735765,1,Happy
F8,-0.087900169238811,0,Sad
FC5,-0.0577405130905573,0,Sad
FC6,0.0371263674488915,1,Happy
O1,-0.0537570719705505,0,Sad
O2,0.0412480077027344,1,Happy
P7,-0.0291485621098177,2,Neutral
P8,-0.0799990437610777,0,Sad
T7,0.0544566003776272,1,Happy
T8,0.05719073676396,1,Happy
Unnamed: 14,,2,Neutral
