Unnamed: 0,Final Mean,Cluster,Mood
AF3,-0.0039595146599524,2,Neutral
AF4,-0.0057278612009764,2,Neutral
F3,0.0037773276026089,1,Happy
F4,0.003589253716022,1,Happy
F7,0.0089594918526815,1,Happy
F8,-0.009967193922919,0,Sad
FC5,-0.0013146436656886,2,Neutral
FC6,-0.003781876821604,2,Neutral
O1,-0.0032546182215851,2,Neutral
O2,0.0044736057934552,1,Happy
P7,0.0032005024588517,1,Happy
P8,0.0005581107950891,2,Neutral
T7,-0.0005230400782311,2,Neutral
T8,0.0039603506137064,1,Happy
Unnamed: 14,,2,Neutral
