Unnamed: 0,Final Mean,Cluster,Mood
AF3,0.0116965539069852,1,Happy
AF4,0.0015697466377444,1,Happy
F3,0.01206982923919,1,Happy
F4,-0.0084589008563996,2,Neutral
F7,-0.0137002723513802,2,Neutral
F8,-0.0476950597824544,0,Sad
FC5,-0.0264977716383457,2,Neutral
FC6,0.0167242361278887,1,Happy
O1,-0.0366581931317969,0,Sad
O2,0.0226090658214576,1,Happy
P7,0.0139357283678042,1,Happy
P8,0.0057703710578662,1,Happy
T7,0.0124711455623234,1,Happy
T8,-0.0048886046791082,2,Neutral
Unnamed: 14,,2,Neutral
