Unnamed: 0,Final Mean,Cluster,Mood
AF3,-0.0021075980074596,1,Neutral
AF4,0.0072921265105092,1,Neutral
F3,0.0151089867367064,2,Happy
F4,0.0010816828302702,1,Neutral
F7,-0.0042331453993124,0,Sad
F8,-0.0111957294035671,0,Sad
FC5,0.0126298506266207,2,Happy
FC6,0.0035637392855928,1,Neutral
O1,0.0274941776201244,2,Happy
O2,-0.0021837686932055,1,Neutral
P7,-0.0047454886829447,0,Sad
P8,-0.0051575192304323,0,Sad
T7,0.0150271283143364,2,Happy
T8,0.0021303541206995,1,Neutral
Unnamed: 14,,1,Neutral
