Unnamed: 0,Final Mean,Cluster,Mood
AF3,0.0116521879988758,2,Happy
AF4,-0.0051379005070061,1,Neutral
F3,-0.0038451255809499,1,Neutral
F4,0.0186483334740666,2,Happy
F7,-0.0040869851551617,1,Neutral
F8,-0.0127399411524331,0,Sad
FC5,-0.0068368981594622,0,Sad
FC6,0.0003656202946904,1,Neutral
O1,-0.002040941816186,1,Neutral
O2,0.0006748567144332,1,Neutral
P7,0.002335273829401,1,Neutral
P8,0.0005312202918605,1,Neutral
T7,0.0066993779147396,2,Happy
T8,0.0076043301606053,2,Happy
Unnamed: 14,,1,Neutral
