Unnamed: 0,Final Mean,Cluster,Mood
AF3,0.0020881484531984,1,Happy
AF4,-0.0002517183457727,1,Happy
F3,0.007774438634921,1,Happy
F4,0.0036110807394449,1,Happy
F7,-0.026559376876196,2,Neutral
F8,-0.035385282699813,0,Sad
FC5,-0.0111660748708302,2,Neutral
FC6,0.0013344758051343,1,Happy
O1,0.0146220151828728,1,Happy
O2,-0.0010614722304519,1,Happy
P7,0.0053180101688081,1,Happy
P8,-0.0334925405561931,0,Sad
T7,0.0001290036077093,1,Happy
T8,-6.243143241529969e-05,1,Happy
Unnamed: 14,,1,Happy
