Unnamed: 0,Final Mean,Cluster,Mood
AF3,0.002747229933206,1,Neutral
AF4,0.0073465778567721,1,Neutral
F3,-0.0013682189196969,1,Neutral
F4,-0.0084870216709125,2,Sad
F7,0.0260550745506836,0,Happy
F8,0.0102546095206786,0,Happy
FC5,0.0049155360590883,1,Neutral
FC6,0.0015548493605994,1,Neutral
O1,-0.0034711895051957,2,Sad
O2,-0.0018450191340105,1,Neutral
P7,-0.0039357792777403,2,Sad
P8,-0.0012529249903397,1,Neutral
T7,0.0002610555738882,1,Neutral
T8,0.0008665144804258,1,Neutral
Unnamed: 14,,1,Neutral
