Unnamed: 0,Final Mean,Cluster,Mood
AF3,0.024053401152554,1,Happy
AF4,-0.0015200480234203,2,Neutral
F3,0.0008491451553578,2,Neutral
F4,-0.0436745858475111,0,Sad
F7,0.029349635362726,1,Happy
F8,-0.0473307675877731,0,Sad
FC5,-0.0293157392685675,0,Sad
FC6,0.0194267440361026,1,Happy
O1,-0.0267392384930134,0,Sad
O2,0.0217143048709936,1,Happy
P7,-0.0151774935934068,2,Neutral
P8,-0.0423616884039396,0,Sad
T7,0.0288049150963531,1,Happy
T8,0.0295462376600503,1,Happy
Unnamed: 14,,2,Neutral
