Unnamed: 0,Final Mean,Cluster,Mood
AF3,-0.0022727934418461,0,Sad
AF4,-0.0025042741991268,0,Sad
F3,0.0003765185738392,2,Neutral
F4,0.0049462846803042,2,Neutral
F7,0.003164716657874,2,Neutral
F8,-0.0045194576363065,0,Sad
FC5,-0.0094403514396306,0,Sad
FC6,-0.0030948864255594,0,Sad
O1,0.0082806295515266,1,Happy
O2,0.020215943622536,1,Happy
P7,0.0012535447291056,2,Neutral
P8,-0.0092181194557787,0,Sad
T7,0.0086104161798729,1,Happy
T8,-0.0019569943663841,0,Sad
Unnamed: 14,,2,Neutral
