Unnamed: 0,Final Mean,Cluster,Mood
AF3,0.0230373228719243,1,Happy
AF4,0.0019832676425415,2,Neutral
F3,0.0239226580763096,1,Happy
F4,-0.0182262250110582,2,Neutral
F7,-0.0285214869146841,2,Neutral
F8,-0.0968337149315721,0,Sad
FC5,-0.0548648178131208,0,Sad
FC6,0.0341322323427598,1,Happy
O1,-0.0728671724486301,0,Sad
O2,0.0481307323973255,1,Happy
P7,0.0312689411373784,1,Happy
P8,0.0123727422978536,1,Happy
T7,0.0249392298532756,1,Happy
T8,-0.010255967336283,2,Neutral
Unnamed: 14,,2,Neutral
