Unnamed: 0,Final Mean,Cluster,Mood
AF3,0.0010305636940682,1,Happy
AF4,0.0002484519444146,1,Happy
F3,0.0044875721355614,1,Happy
F4,0.0017785856084256,1,Happy
F7,-0.0132443776299278,2,Neutral
F8,-0.0176658867389939,0,Sad
FC5,-0.0050150666622398,1,Happy
FC6,0.0007750637317133,1,Happy
O1,0.0068136343772678,1,Happy
O2,-0.0009130649988105,1,Happy
P7,0.0024298019962616,1,Happy
P8,-0.0167966214175075,0,Sad
T7,0.0001979845774409,1,Happy
T8,-0.000529863435474,1,Happy
Unnamed: 14,,1,Happy
