Unnamed: 0,Final Mean,Cluster,Mood
AF3,-0.0047913644506823,0,Sad
AF4,-0.0050787337601301,0,Sad
F3,0.0010671335932762,2,Neutral
F4,0.0103503717693191,2,Neutral
F7,0.0063006954263763,2,Neutral
F8,-0.0093587961741497,0,Sad
FC5,-0.0190636406801604,0,Sad
FC6,-0.0064608535452394,0,Sad
O1,0.0159473017123418,1,Happy
O2,0.0399461941731804,1,Happy
P7,0.002766586343067,2,Neutral
P8,-0.0179387797771861,0,Sad
T7,0.0176453774237294,1,Happy
T8,-0.0015863686716968,2,Neutral
Unnamed: 14,,2,Neutral
