Unnamed: 0,Final Mean,Cluster,Mood
AF3,0.0060889468530664,2,Happy
AF4,-0.0025134042092243,1,Neutral
F3,-0.0019684420108253,1,Neutral
F4,0.0093756533394266,2,Happy
F7,-0.0018869991400384,1,Neutral
F8,-0.0063943056136737,0,Sad
FC5,-0.0034280075945604,0,Sad
FC6,0.000280540905471,1,Neutral
O1,-0.0010281743288782,1,Neutral
O2,0.0003293329824518,1,Neutral
P7,0.0011773120012025,1,Neutral
P8,0.0002696035394815,1,Neutral
T7,0.0033272330593236,2,Happy
T8,0.0038600581427049,2,Happy
Unnamed: 14,,1,Neutral
