Unnamed: 0,Final Mean,Cluster,Mood
AF3,-0.0290239794057826,0,Sad
AF4,-0.0186078150937336,0,Sad
F3,0.0241208760924983,2,Happy
F4,0.019446224057657,2,Happy
F7,-0.0317519730342484,0,Sad
F8,-0.0219465367208642,0,Sad
FC5,0.0160417764053644,2,Happy
FC6,0.0027879132252561,1,Neutral
O1,0.0018721274245137,1,Neutral
O2,-0.0043147333676669,1,Neutral
P7,0.0024282717178644,1,Neutral
P8,0.0203309447441963,2,Happy
T7,-0.0097441972102112,1,Neutral
T8,0.0037443300229399,1,Neutral
Unnamed: 14,,1,Neutral
